{"cameraMode":{"drawMode":0,"name":"Shaded","section":"Shading Mode"},"sceneLighting":true,"audioPlay":false,"sceneViewState":{"m_AlwaysRefresh":false,"showFog":true,"showSkybox":true,"showFlares":true,"showImageEffects":true,"showParticleSystems":true,"showVisualEffectGraphs":true,"m_FxEnabled":true},"in2DMode":false,"pivot":{"x":-25.978147506713868,"y":-15.115018844604493,"z":-33.54124450683594},"rotation":{"x":0.40638554096221926,"y":0.00438258983194828,"z":-0.001949401805177331,"w":0.9136886596679688},"size":21.818037033081056,"orthographic":false}