{"cameraMode":{"drawMode":0,"name":"Shaded","section":"Shading Mode"},"sceneLighting":false,"audioPlay":false,"sceneViewState":{"m_AlwaysRefresh":false,"showFog":true,"showSkybox":false,"showFlares":true,"showImageEffects":true,"showParticleSystems":true,"showVisualEffectGraphs":true,"m_FxEnabled":true},"in2DMode":false,"pivot":{"x":2.4264540672302248,"y":-0.22705316543579102,"z":2.2074661254882814},"rotation":{"x":-0.2758922278881073,"y":0.13298510015010835,"z":-0.03857414796948433,"w":-0.9511702060699463},"size":2.8211841583251955,"orthographic":false}