{"cameraMode":{"drawMode":0,"name":"Shaded","section":"Shading Mode"},"sceneLighting":false,"audioPlay":false,"sceneViewState":{"m_AlwaysRefresh":false,"showFog":true,"showSkybox":false,"showFlares":true,"showImageEffects":true,"showParticleSystems":true,"showVisualEffectGraphs":true,"m_FxEnabled":true},"in2DMode":false,"pivot":{"x":0.16187681257724763,"y":-2.0872809886932375,"z":-1.4507131576538087},"rotation":{"x":-0.3623555898666382,"y":-0.00893604476004839,"z":0.003474430413916707,"w":-0.9319975972175598},"size":3.589655637741089,"orthographic":false}