{"cameraMode":{"drawMode":0,"name":"Shaded","section":"Shading Mode"},"sceneLighting":true,"audioPlay":false,"sceneViewState":{"m_AlwaysRefresh":false,"showFog":true,"showSkybox":true,"showFlares":true,"showImageEffects":true,"showParticleSystems":true,"showVisualEffectGraphs":true,"m_FxEnabled":true},"in2DMode":false,"pivot":{"x":-26.581567764282228,"y":14.64181137084961,"z":-25.931772232055665},"rotation":{"x":-0.6143761277198792,"y":-0.01968095265328884,"z":0.015263733454048634,"w":-0.7886589765548706},"size":0.5989931225776672,"orthographic":false}